quad,class,discipline,status,missing,cells,weight,esc_stack,motors,props,camera,vtx,notes,aliases,rate_preset
AIR65 R,whoop,race,active,,1S,17.3g,Air 5-in-1 (built-in),0702 SE II 27000KV,Gemfan 1219S 3-blade,C03,Onboard 5.8G 25-400mW,BetaFPV Air65; ELRS 2.4G,,
Diamond,whoop,,broken,,1S 300mAh,17.5g,Built-in 5A BLHeli_S 4-in-1,SE 0702 23000KV,Gemfan 1210 31mm bi-blade,RunCam Nano 3,Built-in 25-400mW 5.8G,"HappyModel Mobeetle6 (Diamond F4 ELRS AIO);
analog",,
Ecofree,whoop,race,active,,1S,23g,12A 1-2S BLHeli_S (built-in),0702 BetaFPV 30000KV,Gemfan Durable 1210 31mm bi-blade,HDZero ECO,HDZero ECO VTX,"HappyModel Mobula6 SuperECOfree;
sheet FC=SuperX AIO but dump board=CrazybeeF4DX - verify",,
M6 ECO,whoop,race,active,,1S,23.16g,SuperX HD ELRS AIO (built-in),SE 0702 28000KV,Gemfan 1208-3 31mm tri-blade,HDZero ECO,HDZero ECO VTX,"HappyModel Mobula6 ECO 2024;
dump board CrazybeeF4DX differs from sheet - verify",,
Happish,whoop,race,active,,1S,28g,Onboard 4-in-1,EX0802 19000KV,Gemfan 35mm 3-blade,HDZero Nano Lite,HDZero Whoop Lite VTX,"HappyModel Mobula6 HDZero (SuperbeeF4 Lite ELRS SPI);
Meteor65 Pro frame",,
Mobula1,whoop,race,active,,1S 650mAh,29.5g,Built-in 5A BLHeli_S 4-in-1,EX 1002 20000KV,Gemfan 1610-2 40mm bi-blade,HDZero Nano Lite,HDZero Whoop Lite VTX,"HappyModel Moblite7 -> Moblite6 (SuperbeeF4 Lite);
75mm; Mobula7 v4 frame",,
Meteor85,whoop,,broken,,2S 450mAh,48.3g,Built-in 1S/2S 12A ESC,1103 11000KV,Gemfan 2015 2-blade,Runcam HDZero Nano Lite / Caddx Ant Nano,HDZero Whoop Lite / M03 analog,BetaFPV Meteor85 Brushless Whoop,,
Mob6 AIO5 1st,whoop,race,broken,,1S,19g,CrazybeeF4SX1280 (built-in),SE 0702 28000KV,HQ ultralight 1.2x1.1x3,HDZero Eco,AIO5,"crash recovery off, airmode on;
broken during race;
Motor 1 replaced but does not spin in the Betaflight Motors tab;
Motor 3 replaced and works;
diagnose Motor 1 path (FC output B08, motor/phase wiring, or ESC channel)",,whoop-race
Mob6 AIO5 2nd,whoop,race,active,,1S,19g,CrazybeeF4SX1280 (built-in),SE 0702 28000KV,HQ ultralight 1.2x1.1x3,HDZero Eco,AIO5,"crash recovery on, airmode on;
runtime confirmed 2026-09-29: Betaflight 4.5.2, BMI270 gyro/ACC, no onboard FlashFS (0 bytes); bench status had no battery present and RXLOSS/CLI/MSP/DSHOT_TELEM arming flags.",,whoop-race
Mob6 AIO5 RACE,,race,,,,,,,,,,"Race-tuned sibling of the Mob6 AIO5 pair;
build details TBD. Class left to the heuristic (whoop).",,whoop-race
Mob6 HDZERO RACE,,race,,,,,,,,,,"HDZero race whoop;
build details TBD. Class left to the heuristic (whoop).",,whoop-race
Race5,,race,,,,,,,,,,Race whoop on the shared 100/100/100 + 70/70/70 rate; build details TBD.,,whoop-race
RACE33,whoop,race,active,,,18.6g,HDZero AIO5 board,0702 30000KV,,HDZero Eco,,"Five33 65mm HDZero Race Whoop (Ready To Fly);
runtime confirmed 2026-09-29: Betaflight 4.5.1, ICM42688P gyro/ACC, no onboard FlashFS (0 bytes); bench status had no battery present and RXLOSS/CLI/MSP/DSHOT_TELEM arming flags.",,
CineLog30,cinewhoop,cinematic,retired,,4S,158.5g,BLHeli_S 35A (GEP-F411-35A AIO),GR1404 3850KV,T3x3x3,Polar,Caddx Vista,GEPRC GEP-CL30; RETIRED -> migrated to Cine-fish (Flyfish30),,
Cine-fish,cinewhoop,cinematic,active,,4S,,GEPRC F411 AIO (built-in),GR1404 3850KV,T3x3x3,CaddxFPV Baby Ratel 2,Rush Tiny Tank (analog),"Flying with manual VTX channel selection;
Rush Tiny Tank installed 2026-09-18;
analog video/OSD confirmed; live FC BF 4.5.5;
SmartAudio Device ready=false, so channel control is not operational;
see docs/troubleshooting/cine-fish-rush-tiny-tank-smartaudio.md.",cinelog-flyfish,
Green Hornet V3,cinewhoop,cinematic,broken,,6S,280.1g without battery,SucceX-E Mini F7 FC + 35A BLHeli_S 4-in-1 ESC,"XING 1507 2800KV on M1/M2/M4;
Racerstar Racing Edition BR1507 2800KV on M3 (mismatched replacement)",3040 3-blade,RunCam Nano2 2.1mm NTSC 4:3,SucceX-E 300mW analog VTX,"Broken 2026-09-14: flips at liftoff.
Deadband/rates fixed; Motor 3 remains 14% low under load.
Replace with matched XING 1507 2800KV;
see docs/troubleshooting/green-hornet-post-upgrade-takeoff-failure.md.",,
Crocodile5 baby,micro,long-range,retired,,4S,252.29g,GEP-F722-35A AIO (built-in),GEP 2004 2550KV,Gemfan 5130,Caddx Air Unit,HD air unit,GEPRC GEP-CB5; RETIRED; sheet size 5in but 2004 motors = 4in class,,
Crux-fish,micro,,broken,,4S,115g,Built-in 20A BLHeli_S 4-in-1,HappyModel EX1404 3500KV,HQProp T3.5x2x3,HDZero Nano V3 HD FPV Camera,Onboard HDZero,"HDZero Crux35; 113mm.
Camera upgraded and Motor 3 replaced.
Still broken: gyro sensor (ICM42688P) flatlines/locks up to 0 under battery power due to ESC electrical noise on takeoff.
Solder new local Low-ESR capacitor to FC to resolve.",HDZERO CRUX35,
openracer,5-inch,race,active,,6S,305g,Hobbywing XRotor F722 (45A 4-in-1 ESC; AM32 2.17),VCI Spark 2207 Pro 2050Kv,Hurricane MCK 51466 V2,Runcam HDZero Nano 90,HDZero Race V3 HD,"Renamed from Kronos 2026-08-11;
motor replaced 2026-07-20 after rear-corner desync under load;
bench-fine; see flights;
ESC exports in esc-configs/openracer/.",Kronos,house-race
LS-Ultra,5-inch,race,active,,6S,270g,T-Motor Mini F45A 6S 4-in-1 (AM32),Five33 2207 Champion Ed. 2070KV,Gemfan Fury 5128,Runcam HDZero Nano 90,HDZero Race V3,Five33 Lightswitch V2 Ultra; sheet FC=Foxeer Mini F722 but dump board=TMOTORF7 - verify,,
LS-Ultra HD,5-inch,race,active,,,,,HeadsUp RC (MR-30 connectors),,HDZero (upgraded lens),HDZero,"Five33 Lightswitch V2 Ultra - HDZero build on Halo AIO (H743);
ELRS 2.4G; upgraded camera lens; sister to LS-Ultra.
esc/props/weight/cells still TBD",,house-race
TTV2,3-inch,race,active,,3S/4S,,HAKRC F411 AIO,VCI 1605 2800KV,HQProp T3.5x2.5x3 (1.5mm),HDZero camera,HDZero Freestyle V2,"Five33 Tiny Trainer V2 HDZero RTF;
EP1/EP2 ELRS; BF 4.5.1 runtime confirmed 2026-09-21;
ICM42688P, DPS310, 16MB flash; RXLOSS/CLI/MSP flags over USB.",,
QAS JB,micro,freestyle,broken,,4S,sub-250g,35A AM32 3-6S,XILO Stealth 1404 4500KV,Gemfan Hurricane 3020 3-blade,Caddx (analog),None (moved to Mass),"Lumenier QAV-S 2 JB Special; converted analog;
TX800 moved to Mass; broken 2026-07-21;
bench ramp found Motor 2/4 no RPM;
inspect motors, phase wiring, ESC channels.",,house-race
XILOF4,5-inch,freestyle,retired,,6S,,XILO Stax 45A BLHeli_32 4-in-1,XILO Stealth 2206 1700KV (6S),Lumenier 5x5.3x3 Gate Breaker,RunCam HDZero Nano 90,HDZero Freestyle VTX,XILO Phreakstyle Slam; JB Edition. Sheet name: Joshua Bardwell Edition - Bundle,,
XILOF4-2,5-inch,freestyle,active,,,,,,,,,"Sheet name: Joshua Bardwell Edition Pre-Built (newer of the two).
Second XILOF4 freestyle build (BF 4.5.1), very similar to XILOF4 (Bundle);
specs assumed same - confirm/fill in.
No craft_name set, tracked by filename label",,
FLYWOOF7NANO,micro,long-range,active,,4S 850mAh,<250g,Goku F745 16x16 stack (built-in),NIN 1404 V2 2750KV,Gemfan 4024,Caddx Polar / Nebula Pro,Caddx Vista,Flywoo Explorer LR4 V2 HD; 4in; class corrected 5-inch -> micro (4in LR),,
Mass,3-inch,,active,,3-4S (850mAh 4S),,SpeedyBee F405 Mini (20x20),e.g. EMAX ECO 1404 3700KV,3in,RunCam Nano 3 (tentative),SpeedyBee TX800 (analog),"Massive Droner 3in; renamed from SPEEDYBEEF405MINI;
video restored with SpeedyBee TX800; R8 unlock workaround;
latest dump records R5;
see docs/troubleshooting/mass-vtx-troubleshooting.md.",SPEEDYBEEF405MINI,
FLYWOOF405S_AIO,micro,,incomplete,"camera, vtx",2S,33.8g,GOKU Versatile F405 2S 12A AIO (built-in 12A 4-in-1),Flywoo ROBO 1002 15500KV,Gemfan 2015 2-blade,HDZero Nano Lite,HDZero Whoop Lite,"Flywoo Firefly 2S Nano Baby 20 (sheet name);
no craft_name in dump; board=FLYWOOF405S_AIO; 2S HDZero nano;
Flywoo EL24P ELRS v3 RX; MPU6000 gyro + prop guard;
sheet: NO VIDEO - camera+VTX removed",,
openracer2,5-inch,race,active,,6S,280g dry (no props/battery),Foxeer Reaper 20x20 ESC + Foxeer Mini F722 V4 20x20 FC (MPU6000),"HeadsUp | Five33 2207 1960KV (MR30 connectors)",Hurricane MCK 51466 V2,Foxeer Predator Nano,HGLRC Zeus Nano,"Analog Open Racer RTF;
second OpenRacer build; EP1/EP2 ELRS on UART1;
Tramp VTX control on UART5; same props as openracer.",,house-race
PROSPEC,7-inch,race,active,,6S,1215g with battery,HobbyWing XRotor Convertible F7 + 65A HD AM32 30x30 stack,Hobbywing XRotor 2807 1300KV,HQProp 7x4x3 7-inch tri-blade,Runcam HDZero Nano 90 V2,HDZero Race V3 HD,"7-inch race quad; craft_name=prospec;
HOBBYWING_XROTORF7CONV; BF 4.5.3.KAACK_V19;
parts from orders 20003/500322; motors confirmed by owner.",,
PRO-SPEC2,7-inch,race,active,,6S,"1178g with battery, no props",HDZero Halo H743 FC (ICM gyro) + Foxeer Reaper 60A 4-in-1 ESC,EMAX ECO II Series 2807 1300KV,HQProp 7x4x3 7-inch tri-blade,HDZero Nano 90 V2,HDZero Race V3,"Pro Spec 7-inch; HDZERO_HALO; Gemini ELRS;
BF 2025.12.3-alpha.KAACK_V19 as of 2026-09-04.",,
AOS5,5-inch,,incomplete,"camera, vtx",,,GEPRC F722 AIO (same MCU as retired Crocodile5 baby),GEPRC 2004 2550KV,,,,"AOS5 partial build; frame/motors/FC/RX confirmed 2026-09-11;
CRSF on UART3; camera, VTX, battery, props, weight unconfirmed.",GEPRC_F722_AIO,
