spec,applies_class,applies_discipline,requirement,rule,check,field,value,evidence,notes,source
freedom-spec,5-inch,race,Motor,Any 2207-class motor,hw_match,motors,(^|[^0-9])2207([^0-9]|$),[0-9]{4},"No KV limit — the RPM limiter is what equalizes power. freedomspec.com and MultiGP both say 'any 2207 class motor', but vendor pages describe the class as the Five33 HeadsUp 2207 1960kv specifically; only openracer2 has that exact motor, so check the event if a stricter reading is ever enforced",https://freedomspec.com/
freedom-spec,5-inch,race,Battery,Any 6S pack,hw_match,cells,6S,[0-9]+S,No capacity limit,https://freedomspec.com/
freedom-spec,5-inch,race,ESC,Any BLHeli32 or AM32 ESC,hw_match,esc_stack,BLHeli[_ -]?32|AM32,BLHeli|AM32|KISS|SimonK,"The ESC firmware, not the brand — record it in hardware.csv's esc_stack",https://freedomspec.com/
freedom-spec,5-inch,race,Firmware,Betaflight KAACK build (Infinitee RPM limiter),dump_match,bf_version,KAACK,,Stock Betaflight has no Freedom Spec RPM limiter,https://freedomspec.com/
freedom-spec,5-inch,race,RPM limiter,rpm_limit enabled,dump_match,rpm_limit,^ON$,,"Betaflight default is OFF, so a diff that omits it means the limiter is off",https://freedomspec.com/
freedom-spec,5-inch,race,RPM cap,18000 RPM,dump_match,rpm_limit_value,^18000$,,"Standard cap; an event may specify 16000-22000. KAACK defaults this to 18000, so a diff that omits it is already correct",https://freedomspec.com/
freedom-spec,5-inch,race,Weight,533 g minimum race-ready weight,hw_weight_min,weight,533,,"Published bare as '533g Minimum Weight' — unlike Open (800g AUW) and Pro Spec (1200g AUW), this figure carries no AUW qualifier anywhere. Read it as race-ready: a 5-inch 6S airframe is 270-310 g dry, so a dry floor of 533 g would exclude the entire class, and a 6S pack adds 200-260 g. hardware.csv records dry weight, so weigh it with pack and props in",https://www.multigp.com/class-specifications/
freedom-spec,5-inch,race,LEDs,3 or more non-status LEDs,manual,,,,Dumps carry an LED strip config but not how many LEDs are physically fitted — count them on the bench,https://freedomspec.com/
freedom-spec,5-inch,race,Props,Any prop; one spec prop named per event,manual,,,,Not checkable in advance — read the event's prop call,https://freedomspec.com/
